Workbook

Sheet Delivery Data
A1: Title | B1: Region | C1: Plan Date | D1: Actual Date | E1: Duration (Plan) | F1: Duration (Actual) | G1: Variance (Days) | H1: Status
A2: Introduction to Python | B2: APAC | C2: 2024-01-10 | D2: 2024-01-09 | E2: 30 | F2: 29 | G2: =F2-E2 -> -1 | H2: =IF(G2<0,"Early",IF(G2=0,"On-Time","Delayed")) -> Early
A3: Business Analytics 101 | B3: EMEA | C3: 2024-01-15 | D3: 2024-01-18 | E3: 25 | F3: 28 | G3: =F3-E3 -> 3 | H3: =IF(G3<0,"Early",IF(G3=0,"On-Time","Delayed")) -> Delayed
A4: Data Science Fundamentals | B4: Americas | C4: 2024-01-20 | D4: 2024-01-20 | E4: 35 | F4: 35 | G4: =F4-E4 -> 0 | H4: =IF(G4<0,"Early",IF(G4=0,"On-Time","Delayed")) -> On-Time
A5: Engineering Mathematics | B5: APAC | C5: 2024-02-01 | D5: 2024-02-05 | E5: 40 | F5: 44 | G5: =F5-E5 -> 4 | H5: =IF(G5<0,"Early",IF(G5=0,"On-Time","Delayed")) -> Delayed
A6: Academic Writing Guide | B6: EMEA | C6: 2024-02-05 | D6: 2024-02-04 | E6: 20 | F6: 19 | G6: =F6-E6 -> -1 | H6: =IF(G6<0,"Early",IF(G6=0,"On-Time","Delayed")) -> Early
A7: Statistics for Beginners | B7: Americas | C7: 2024-02-10 | D7: 2024-02-14 | E7: 28 | F7: 32 | G7: =F7-E7 -> 4 | H7: =IF(G7<0,"Early",IF(G7=0,"On-Time","Delayed")) -> Delayed
A8: Higher Education Handbook | B8: APAC | C8: 2024-02-15 | D8: 2024-02-15 | E8: 45 | F8: 45 | G8: =F8-E8 -> 0 | H8: =IF(G8<0,"Early",IF(G8=0,"On-Time","Delayed")) -> On-Time
A9: Research Methods | B9: EMEA | C9: 2024-03-01 | D9: 2024-03-07 | E9: 30 | F9: 36 | G9: =F9-E9 -> 6 | H9: =IF(G9<0,"Early",IF(G9=0,"On-Time","Delayed")) -> Delayed
A10: Digital Marketing Essentials | B10: Americas | C10: 2024-03-05 | D10: 2024-03-04 | E10: 22 | F10: 21 | G10: =F10-E10 -> -1 | H10: =IF(G10<0,"Early",IF(G10=0,"On-Time","Delayed")) -> Early
A11: Physics Textbook Vol.2 | B11: APAC | C11: 2024-03-10 | D11: 2024-03-18 | E11: 50 | F11: 58 | G11: =F11-E11 -> 8 | H11: =IF(G11<0,"Early",IF(G11=0,"On-Time","Delayed")) -> Delayed
A12: Psychology of Learning | B12: EMEA | C12: 2024-03-15 | D12: 2024-03-15 | E12: 33 | F12: 33 | G12: =F12-E12 -> 0 | H12: =IF(G12<0,"Early",IF(G12=0,"On-Time","Delayed")) -> On-Time
A13: Economics Core Concepts | B13: Americas | C13: 2024-03-20 | D13: 2024-03-22 | E13: 27 | F13: 29 | G13: =F13-E13 -> 2 | H13: =IF(G13<0,"Early",IF(G13=0,"On-Time","Delayed")) -> Delayed

Sheet Dashboard
B2: 📚 Pearson IHE — Book Delivery Tracker
B3: Region: All | Period: Jan–Mar 2024 | Last Refreshed: 01 Apr 2024
C6: =COUNTA('Delivery Data'!A2:A13) -> 12 | G6: =COUNTIF('Delivery Data'!H2:H13,"Early") -> 3 | K6: =COUNTIF('Delivery Data'!H2:H13,"On-Time") -> 3 | O6: =COUNTIF('Delivery Data'!H2:H13,"Delayed") -> 6
C7: Total Titles | G7: Early | K7: On-Time | O7: Delayed
B10: Delivery Summary by Region
B11: Region | C11: Total | D11: Early | E11: On-Time | F11: Delayed
B12: APAC | C12: =COUNTIF('Delivery Data'!B2:B13,"APAC") -> 4 | D12: =COUNTIFS('Delivery Data'!B2:B13,"APAC",'Delivery Data'!H2:H13,"Early") -> 1 | E12: =COUNTIFS('Delivery Data'!B2:B13,"APAC",'Delivery Data'!H2:H13,"On-Time") -> 1 | F12: =COUNTIFS('Delivery Data'!B2:B13,"APAC",'Delivery Data'!H2:H13,"Delayed") -> 2
B13: EMEA | C13: =COUNTIF('Delivery Data'!B2:B13,"EMEA") -> 4 | D13: =COUNTIFS('Delivery Data'!B2:B13,"EMEA",'Delivery Data'!H2:H13,"Early") -> 1 | E13: =COUNTIFS('Delivery Data'!B2:B13,"EMEA",'Delivery Data'!H2:H13,"On-Time") -> 1 | F13: =COUNTIFS('Delivery Data'!B2:B13,"EMEA",'Delivery Data'!H2:H13,"Delayed") -> 2
B14: Americas | C14: =COUNTIF('Delivery Data'!B2:B13,"Americas") -> 4 | D14: =COUNTIFS('Delivery Data'!B2:B13,"Americas",'Delivery Data'!H2:H13,"Early") -> 1 | E14: =COUNTIFS('Delivery Data'!B2:B13,"Americas",'Delivery Data'!H2:H13,"On-Time") -> 1 | F14: =COUNTIFS('Delivery Data'!B2:B13,"Americas",'Delivery Data'!H2:H13,"Delayed") -> 2
